Efk0NRmpg4lJ,카페구인당,대구,동구,인동
co2k08iptmg0,인덱스,대구,동구,자양동
U98RVqCtWXgR,LITE LANE,대구,동구,자양동
QMtadMGwoN9X,Six Degrees Coffee,대구,동구,자양동
XfvuT6XTcT3Q,아날로그키친,대구,동구,자양동
iE5YpUBZsoB5,고래,대구,동구,자양동
M6pZgybSD1YW,반둥식당,대구,동구,자양동
MIIR27vQCIYn,호니도니 자양점,대구,동구,자양동
bSgjUMbRyg8k,부스터서울,대구,동구,자양동
NJLHqNdu32tb,폽타이,대구,동구,자양동
xh8CKur2cD8g,카페 704호,대구,동구,자양동
4itxLijxYEmV,라보리,대구,동구,자양동
WgWJMa2qSeyn,페어 이너프,대구,동구,자양동
iBusHsvobwXI,나따오비까 with 에그에그,대구,동구,자양동
HA9BstbBoNfL,마담커피,대구,동구,자양동
A9Pw2R1NZDbe,dayoff,대구,동구,자양동
akc54MjXgCOB,꽃다방,대구,동구,자양동
3i80YOMS2riB,쥬씨 차얌 뚝섬유원지점,대구,동구,자양동
25TbeNW6Lodw,리프디어,대구,동구,자양동
9wS1ujNnBDXc,플라이팬커피,대구,동구,자양동
brjGsqi8sNNS,그로서리프란츠,대구,동구,자양동
3sYy6aRo5mVX,전투전,대구,동구,자양동
hBu9YgRFvwID,카페 모든 날,대구,동구,자양동
Pgg2mwuTqnie,카페다르다,대구,동구,자양동
ZoVWi1Q2iAom,박과장의 조은회사,대구,동구,자양동
x4IzwBIAmvFv,니나노제과,대구,동구,자양동
GpEvh3oNV5JN,커피앤버스,대구,동구,자양동
FxWgtGBiDCk3,츄로스 커피 아이스크림,대구,동구,자양동
7bfdVi7Slrkh,PFAD,대구,동구,자양동
GZOjcmWo35vg,포레드뵈르,대구,동구,자양동
P2XN7Lt3ayop,아니마 아니무스,대구,동구,자양동
smDHNlJFjfbX,선자케이크,대구,동구,자양동
W3G8iOBjVHBG,클린컵,대구,동구,자양동
oHHDosJEtdY9,자양 5775,대구,동구,자양동
JvesPh90YKm2,소미네,대구,동구,자양동
2E0orzsY36o4,자양주점,대구,동구,자양동
m38GL3kLFf9v,브링미커피 자양점,대구,동구,자양동
cw8Y3ODv3A5g,이르,대구,동구,자양동
q2Wby33VeR7f,사이이커피,대구,동구,자양동
6zEpnoE3bgCo,지속,대구,동구,자양동
ur6Nl19bM9iV,비움,대구,동구,자양동
Mfdkwxewr59p,서궁 갤러리&카페,대구,동구,정동
5H656WdKolgf,심플리커피,대구,동구,정동
4D0Iob3Xw2YV,스윗밸런스 정동길점,대구,동구,정동
6WZrghcB07N3,텅댄스,대구,동구,정동
v53te2ZTfdrk,카페베로나,대구,동구,정동
LHHMhse5CTYk,복호두 부천중동점,대구,동구,중동
Bm93IEjdY8OX,칸지돈부리,대구,동구,중동
P16eCS8a7xZH,원더풀숟가락 스시락 중동점,대구,동구,중동
rQWxJcunWUuU,돼슐랭,대구,동구,중동
qpKx4OgWXBfM,앤드류,대구,동구,중동
Oh1oTKc5i8gC,비플로우,대구,동구,중동
nCHdfx9iguRL,프레쉬쿠피,대구,동구,중동
JMVG8DbteS2z,902탭하우스,대구,동구,중동
hBYxl4dVN2Gc,EFG COFFEE,대구,동구,중동
4C4PJnslZGvs,이해공간,대구,동구,중동
tbvZo6FE35Og,잇시,대구,동구,중동
ydrIzkXcklmF,쌀부엌,대구,동구,중동
ndHda443SoKN,문드롭커피,대구,동구,중동
m27E4OWcxOC5,발리맥주 본점,대구,동구,중동
ia7RbjVAWbt4,커피플레닛,대구,동구,중동
WHJEloUoo4sb,The Golden Vineyard,대구,동구,중동
Qz1BmHZxXWPX,본대가,대구,동구,중동
QLt5GR772BMn,발바닥커피,대구,동구,중동
auFzH8kvI12C,잭앤카페,대구,동구,중동
0qrtBQ6n1I33,두만이통닭,대구,동구,중동
PuVQ5MPH7w21,헬로크랩 부천점,대구,동구,중동
iv3Vkiy1rBhA,카페드샹스,대구,동구,중동
ac9c4Kd8gXpn,세노야,대구,동구,중동
RCKCAw1ePf48,momo9,대구,동구,중동
S5U12xna6cRk,coffee voa,대구,동구,중동
34YNaXNa1lMT,텐텐볼링,대구,동구,중동
U9CQC4HNaapV,피자마루,대구,동구,중동
9MSqJhb0RnRh,카페 더 스토리,대구,동구,중동
53xjni67Tgqo,하이홉,대구,동구,중동
tu91cWgWdFUV,다정다소,대구,동구,중동
SLHEKlekhPsc,60년전통 신촌황소곱창 중동직영점,대구,동구,중동
dWXt2agfoZ5u,고래맥주창고,대구,동구,중동
AvvT3lW1VzaD,Poke all day 포케&샐러드 부천중동점,대구,동구,중동
vKwSIUIdyxFa,메가샵크로플 신중동점,대구,동구,중동
EafSaKduPN53,청솔로9 유니시티점,대구,동구,중동
OvlFDnLQhzzw,카페라온,대구,동구,중동
CwyFiZbqovn0,카페 홈,대구,동구,중동
gtKie8BRF3lF,닭바리,대구,동구,중동
wXsQJ3TjljNB,세라앤커피,대구,동구,중동
xyavxL9saREO,깜수비어,대구,동구,중동
uj194PDfG3Y2,갓플레이스,대구,동구,직동
ZgSMkSHb6ehN,카페루트62,대구,동구,직동
vXmBWLhGxqWU,뉴,대구,동구,직동
q1ptHVd8zKtM,킴스힐,대구,동구,추동
DzgdnLu36n4p,동구행복한어르신복지관 라운지,대구,동구,판암동
3Uulaf5YxTch,요거프레소 대전판암점,대구,동구,판암동
X2A3rEWmU7RD,삼월애,대구,동구,판암동
KAlDo9T7I0Vw,쌍청바베큐,대구,동구,판암동
xlUAHhS4csd9,카페 레버리,대구,동구,하소동
y91QjNlJadgL,투썸플레이스 대전만인산점,대구,동구,하소동
zlAfxKNasvwa,앤스키친,대구,동구,하소동
pAL2Bl9QB40q,만인아트 로스팅하우스,대구,동구,하소동
WsPRn71AT2bf,지구대,대구,동구,하소동
XuxG3W4nmx0G,팔레드 신,대구,북구,시청역
dVY718C89Zxt,커피 스니퍼,대구,북구,시청역
cSz3Zegmvnpj,북창동불쭈꾸미,대구,북구,시청역
blej2tmvrjk0,스몰굿커피 을지로점,대구,북구,시청역
JsCdBy5s5u0A,플래시커피 시청 센터플레이스점,대구,북구,시청역
gQIa1FcqU7kp,미쓰리 본점,대구,북구,시청역
K5RbwNdBqcSk,담소분식,대구,북구,시청역
clMLF2gFmCFd,더쌍화커피,대구,북구,시청역
AUGVFvZsXk4n,유월커피 소공점,대구,북구,시청역
JifbWUHDoqDb,에레스뚜,대구,북구,시청역
a61frtwNR7mj,소공동 쌩맥집,대구,북구,시청역
w57JyYpsVllj,멜로디후르츠 무교동점,대구,북구,시청역
pqyrXtIlP0kH,예박,대구,북구,시청역
aNC5IC7XhEvD,카페오늘 소공점,대구,북구,시청역
fnVL2YoJs8Wv,버터컵,대구,북구,대전시청
yZycX7uuLcRX,79파운야드 대전시청점,대구,북구,대전시청
tqt8iJV6lSUf,아임일리터 법원점,대구,북구,대전시청
0GbthdpZRibK,라임트리,대구,북구,대전시청
mt7Xn76bf2y9,카페항시,대구,북구,용문역
CjdYrFgF7Toa,행복한뜰,대구,북구,용문역
2TJBsQPx9GTT,59,대구,북구,용문역
CyTlHcu8iCmd,무한리필 고기생각,대구,북구,용문역
eJnfNxAbH0JK,숍비피,대구,북구,둔산
Oqqv1JblEg4z,짬뽕지존,대구,북구,둔산
6P6O3WGpMi9b,게리동서비스,대구,북구,둔산
akSWc3AcTNZP,파머스샌드위치 둔산점,대구,북구,둔산
fZ2WhRfROqnJ,크래프트피피,대구,북구,둔산
z7DmvXfvVG8c,사생활 돌샘점,대구,북구,둔산
91lcUcOWz2hr,피닉카페,대구,북구,둔산
RSy6kXmHGgcO,루프탑 라운지1987,대구,북구,둔산
PCoaH19Bmof6,행오버,대구,북구,둔산
yZycX7uuLcRX,79파운야드 대전시청점,대구,북구,둔산
JuTQWZakd438,타타스베이글 둔산점,대구,북구,둔산
av8kNHJA7oDr,더 쉘터,대구,북구,둔산
PkMzeeKWh4h5,유앤썸,대구,북구,둔산
LyjANV8J49fc,비스트로이응,대구,북구,둔산
IS5yQ3dSnfH5,붱,대구,북구,둔산
eWubaa5jHd4T,무무,대구,북구,둔산
YTVyaJqquj7b,니캉내캉목련김밥,대구,북구,둔산
oYGnn9DIRk08,강아지왈츠,대구,북구,둔산
zZk5PdVaXAtH,채플린,대구,북구,둔산
tqt8iJV6lSUf,아임일리터 법원점,대구,북구,둔산
aS4ujdnQ41v9,청사광장,대구,북구,둔산
kjXsa8py0UMJ,1983 더그레이 둔산점,대구,북구,둔산
tqt8iJV6lSUf,아임일리터 법원점,대구,북구,둔산
We8qfkKkxgFt,두넛샵 대전점,대구,북구,둔산
BR8y8HAZx9IY,소코아 대전둔산점,대구,북구,둔산
iuOJFY8nKXjy,힐링몽앤냥넷플릭스플스방,대구,북구,둔산
Sh20Jw5WxVXL,지구쓸맥 둔산점,대구,북구,둔산
0XNVjh1sVZpm,손더바커피하우스,대구,북구,둔산
0fzsMCLYkSN4,버기즈 탄방점,대구,북구,탄방역
Oqqv1JblEg4z,짬뽕지존,대구,북구,탄방역
fnVL2YoJs8Wv,버터컵,대구,북구,탄방역
QW0lAcsUR1mn,우드바이우드,대구,북구,탄방역
z3kMKZhw6K3h,잼나다쌀디저트,대구,북구,탄방역
oYGnn9DIRk08,강아지왈츠,대구,북구,탄방역
2Rk56DavwDOK,찐다방 탄방점,대구,북구,탄방역
kjXsa8py0UMJ,1983 더그레이 둔산점,대구,북구,탄방역
JbpAkv5eHKj8,홍사골칼국수왕족발 본점,대구,북구,탄방역
0GbthdpZRibK,라임트리,대구,북구,탄방역
rnAE4b6WjM1s,카페쏠티,대구,북구,탄방역
p4NndPkRAyXP,윙스그로우,대구,북구,가수원동
E6v58tosLFuv,완벽한소풍,대구,북구,가수원동
0xaLAvyNm5l7,오늘 나의,대구,북구,가수원동
Kfk8A1kRBYRK,외계인방앗간,대구,북구,가수원동
omLEKKyd9krU,브리즈라이크,대구,북구,가수원동
ZRKpVTpHvROh,카운트 커피,대구,북구,가수원동
1RqUfCR8vdzQ,로라네방앗간,대구,북구,가수원동
xSDtaBYbVnJJ,느티나무집,대구,북구,가수원동
7pNWTo8qP83j,바른기정떡 가장점,대구,북구,가장동
uBcBcMUEdrPp,진태옥설렁탕 오산점,대구,북구,가장동
X02o4RBugdt5,하오츠마라탕 가장점,대구,북구,가장동
T3bS1zwFkfjn,본가순대 가장점,대구,북구,가장동
z8Q1YX5DyPd4,온기,대구,북구,갈마동
UxSCKpy41tCT,몽상도취,대구,북구,갈마동
H56fxTEdfR9H,포크커피,대구,북구,갈마동
IUlPN3tvHhN6,갈마살롱,대구,북구,갈마동
pDANiU04NiLW,비건바닐라,대구,북구,갈마동
63TO0pS9AzwW,워크룸 커피,대구,북구,갈마동
7IhUXviFENDI,조개구이무한리필 조개시장,대구,북구,갈마동
4EPz9BziubH7,하이딩플레이스,대구,북구,갈마동
uMPiqU1SkByT,소식,대구,북구,갈마동
IxUNYRGHz7a4,버기즈 갈마점,대구,북구,갈마동
nGUZEQjk9bJP,이꼬르커피,대구,북구,갈마동
2EIAN1MZrEBv,벤헤드바운스,대구,북구,갈마동
Z1wWtQrtbFZN,레드 카페앤펍,대구,북구,갈마동
wIDvRhkhvL0e,오마켓,대구,북구,갈마동
iQDO1317mydD,블루머쉬룸,대구,북구,갈마동
m8sTdUWRpyYP,오프리아,대구,북구,갈마동
emuFwu91JwrP,헤이도넛,대구,북구,갈마동
hNhFpKbXKKjf,바베트의만찬,대구,북구,갈마동
G2u7NBSktU69,시선,대구,북구,갈마동
04xxhjEoSFN5,곰도리 과자점,대구,북구,갈마동
emuFwu91JwrP,헤이도넛,대구,북구,갈마동
ZUFwp6f8isSa,엔트라,대구,북구,갈마동
2s1rjeTi7J5c,대림석쇠구이,대구,북구,갈마동
yKqjgowjTynz,카페 소소담,대구,북구,관저동
kM3pi22V8S5r,10AMPM,대구,북구,관저동
wcs0eQ1q2E4a,레이오버,대구,북구,관저동
cvhLo0ZYyfhH,아토믹버거쉽,대구,북구,관저동
QRzaDmE2zCdG,안녕닭  관저점,대구,북구,관저동
lt4yfaaPGdVJ,만년설,대구,북구,관저동
xYBdmuil8BMG,어클락,대구,북구,관저동
BNL2lnDa3u5R,카페우림,대구,북구,관저동
69a7Em5LfNaQ,패러렐월드,대구,북구,관저동
AFYIdoETz8iY,커피어랏,대구,북구,관저동
z6UJXtawUPQ3,오휴,대구,북구,관저동
cU867G5ek2vF,카페선인장,대구,북구,관저동
pddCFFt9G1eK,만년닭강정,대구,북구,관저동
QXbUOfty3Xio,큰통치킨 관저점,대구,북구,관저동
eJMMp05QXWAb,리버스,대구,북구,관저동
UsvpiRQnOAxj,딥 에스프레소 바,대구,북구,관저동
qxU9XfqkcESf,투드 커피,대구,북구,괴곡동
Uw3MIXQffeD7,원조대구막창,대구,북구,괴정동
NZ2aHu6OhHwM,달달그린,대구,북구,괴정동
0hgvwm6VXqwM,뉘앙스,대구,북구,괴정동
YhFKfR1nJIqn,카페 양촌리,대구,북구,괴정동
xk8DKCh8kvRU,라노보,대구,북구,괴정동
z3kMKZhw6K3h,잼나다쌀디저트,대구,북구,괴정동
IFi4nQSQuOKF,왓에버커피,대구,북구,괴정동
hmaFDzgoZgVq,73스트릿커피,대구,북구,괴정동
6utrr30yvmKN,와플칸 대전1호점,대구,북구,괴정동
0fPuiTPGomdx,오푼,대구,북구,괴정동
2fZWlvagP7Bh,에글링턴,대구,북구,괴정동
HpwiTsVjizBE,컴플리트 카페&런드리,대구,북구,괴정동
tZTOQBaSxjx4,카페 꼬망지,대구,북구,내동
7SIuT54BNWc4,블루노트 커피 로스터스,대구,북구,내동
OFCsDZ4LONhv,새난옥수수,대구,북구,내동
zNcQAKDH7Toh,줌마네해물,대구,북구,내동
NvEBy5hAXaWO,사생활,대구,북구,내동
0kC6a3ZG1Vwu,시장뒷고기,대구,북구,내동
EM9jNmebfdbO,카페모스,대구,북구,내동
RUVYuTQzR6H4,불나는쭈꾸미,대구,북구,내동
kOPRxBAMptSF,귀하게,대구,북구,내동
gqTyjnupv3wj,쥬리쌀롱,대구,북구,내동
CO78tZ99qCBI,CAFE 공휴일,대구,북구,내동
b2lyqeTwuURO,그릭하우스,대구,북구,내동
UeIyg59HvZy8,그릭하다 김해내외점,대구,북구,내동
VR5H2nXKf6XE,온리원커피,대구,북구,내동
2AbUBGMAkuYA,비건카페 씨유쑨,대구,북구,내동
E1bPJrSn6zO3,컴펠링커피,대구,북구,내동
sf7D0dENXpzc,원타코,대구,북구,내동
b4ElhMO1f5ns,우성돈까스 내외점,대구,북구,내동
OpFtCV1Hxz3z,도이베이커리,대구,북구,내동
Kg3fQWNOYiDN,라노보 내동점,대구,북구,내동
UPXuy1UNkxyZ,식껍 논산점,대구,북구,내동
VyetLAx9fOra,벤,대구,북구,내동
28TYsv2Zmpm3,구이해 노을해,대구,북구,내동
8obuSOmN1Fw0,카페노드,대구,북구,내동
sB5c8Phu6cml,소휴식,대구,북구,도마동
ILvhTTycZh4j,베이커스비스킷,대구,북구,도마동
vwRfMW9Bsihq,갓츠킹 대전도마점,대구,북구,도마동
bN6HTQ2lnbmq,도르뜨,대구,북구,도마동
odoFA4bELmSJ,지영케이크,대구,북구,도마동
e3eCiSDAEjfE,BHC치킨,대구,북구,도마동
aicPwozMeq7g,피자락커,대구,북구,도안동
eNjxrGva512E,코너델리,대구,북구,도안동
MBFz3ABK3NpV,이태리면가게 파스타&스테이크 서대전점,대구,북구,도안동
dZT2y8OwhIyO,데이오프 카페,대구,북구,도안동
nDJuEutp23mn,카페인,대구,북구,도안동
ZpvzhXi9hZHm,코피발리 대전도안점,대구,북구,도안동
4YoGD0FDrdqv,보름달이달보드레하다,대구,북구,도안동
WOIpkztnbz6O,"과일,바로",대구,북구,도안동
ZIio08N8Jj4e,더기커피,대구,북구,도안동
fAC8PPzStVyy,마마푸드,대구,북구,도안동
v7P2cNioNwn1,희담,대구,북구,도안동
sZZeCus8bLe3,글림,대구,북구,도안동
i8zOeaUPH9gw,탭 TAB Take A Break,대구,북구,도안동
eJnfNxAbH0JK,숍비피,대구,북구,둔산동
Oqqv1JblEg4z,짬뽕지존,대구,북구,둔산동
6P6O3WGpMi9b,게리동서비스,대구,북구,둔산동
akSWc3AcTNZP,파머스샌드위치 둔산점,대구,북구,둔산동
fZ2WhRfROqnJ,크래프트피피,대구,북구,둔산동
z7DmvXfvVG8c,사생활 돌샘점,대구,북구,둔산동
91lcUcOWz2hr,피닉카페,대구,북구,둔산동
RSy6kXmHGgcO,루프탑 라운지1987,대구,북구,둔산동
PCoaH19Bmof6,행오버,대구,북구,둔산동
yZycX7uuLcRX,79파운야드 대전시청점,대구,북구,둔산동
JuTQWZakd438,타타스베이글 둔산점,대구,북구,둔산동
av8kNHJA7oDr,더 쉘터,대구,북구,둔산동
PkMzeeKWh4h5,유앤썸,대구,북구,둔산동
LyjANV8J49fc,비스트로이응,대구,북구,둔산동
IS5yQ3dSnfH5,붱,대구,북구,둔산동
eWubaa5jHd4T,무무,대구,북구,둔산동
YTVyaJqquj7b,니캉내캉목련김밥,대구,북구,둔산동
oYGnn9DIRk08,강아지왈츠,대구,북구,둔산동
zZk5PdVaXAtH,채플린,대구,북구,둔산동
tqt8iJV6lSUf,아임일리터 법원점,대구,북구,둔산동
V7gbCo04PiDZ,하이파켓,대구,북구,둔산동
aS4ujdnQ41v9,청사광장,대구,북구,둔산동
kjXsa8py0UMJ,1983 더그레이 둔산점,대구,북구,둔산동
We8qfkKkxgFt,두넛샵 대전점,대구,북구,둔산동
BR8y8HAZx9IY,소코아 대전둔산점,대구,북구,둔산동
iuOJFY8nKXjy,힐링몽앤냥넷플릭스플스방,대구,북구,둔산동
Sh20Jw5WxVXL,지구쓸맥 둔산점,대구,북구,둔산동
0XNVjh1sVZpm,손더바커피하우스,대구,북구,둔산동
SVKIrvjGcrEt,인사동유기농단팥빵,대구,북구,만년동
9M6MCH6M85LM,팩토리179,대구,북구,만년동
ke1R50YOkfAo,카페오지,대구,북구,만년동
h9QEJw6Gqqj6,띵크어바웃츄,대구,북구,변동
lz3uy7mf7afL,문앤썬 cafe 변동점,대구,북구,변동
qLWO1voZ68kb,롱다리치킨,대구,북구,복수동
PhGxBh7hAdkr,스니프커피바,대구,북구,복수동
4Qx5ZEwIB9vX,107page,대구,북구,봉곡동
U5WSWKbNccGY,오운밀,대구,북구,봉곡동
LjTneuZRr7SD,다온가오리찜,대구,북구,봉곡동
v6JRt1uId7m1,개이득,대구,북구,봉곡동
HDwmMeZ20UKy,오늘의봄날,대구,북구,봉곡동
LaICXxWNkDqL,창원커피래빗홀,대구,북구,봉곡동
15oTIpV4fZRi,정원가든,대구,북구,봉곡동
xUwBJGkULuEq,mtl 효창,대구,북구,용문동
2kTkX1VAAQlr,레이지수잔,대구,북구,용문동
COLpl3EarnyK,산골녹차냉면,대구,북구,용문동
BDqS0wDlUsUa,요거몬스터,대구,북구,용문동
hEYpbqhUELqA,아포르,대구,북구,용문동
2LHCWJybxKLi,99스테이크 파스타,대구,북구,용문동
WqDCWNNxf4MC,꽃한잔,대구,북구,용문동
vOKH95AVdlUU,비고미 베이커리,대구,북구,용문동
D0r0XJJPQSva,우명가든,대구,북구,우명동
s0TZa02Y3vIp,드르쿰다From제주,대구,북구,월평동
Q37mXmIeS82Z,아침미소 목장,대구,북구,월평동
o1hOLbnaQfUS,글라스 월평,대구,북구,월평동
jXNw19mISiEl,대포조개전골,대구,북구,월평동
Z70kTnaUWn5U,아이엠일리터,대구,북구,월평동
wW5ICzsmXAg6,파란그늘,대구,북구,월평동
6Z1s5N8g8rHR,베니즈,대구,북구,월평동
ePtIlml3vFgq,리틀포레스트,대구,북구,월평동
WA9fHCEmEkt4,피자보코니,대구,북구,월평동
Fj7X3ZciYSck,댕라운지,대구,북구,월평동
qQlBuX2SkGoI,투에니포세븐,대구,북구,월평동
R62ayPQmgQwd,그리젠,대구,북구,월평동
ucNssJQF9a1W,요거트아이스크림의정석 대전월평점,대구,북구,월평동
1ROvvwThU3ft,소소한하루,대구,북구,월평동
HQhB6iRa2xLI,카페푸름,대구,북구,월평동
GHrfs3UqLXgE,카페코지 대전월평점,대구,북구,월평동
081bnLi29cj0,크림하우스,대구,북구,월평동
bKPF6rTYCG7h,미미숲,대구,북구,월평동
LoZ6RRm1Dmwt,찰스앤다이애나,대구,북구,장안동
YohHpclH7jPk,톤톤,대구,북구,장안동
kGu2zVVE5lKJ,에이셉피자,대구,북구,장안동
54Hwrznnrp89,차포차,대구,북구,장안동
wHmHyvR1qSdy,영동교집 장안직영점,대구,북구,장안동
emCGsSEXtvCr,읍천리382 장안점,대구,북구,장안동
ivFVZFsPl7vy,각자의연유,대구,북구,장안동
Litq7pH9hLPc,비바라비다,대구,북구,장안동
3fC4CxgCpO3R,오실장 강남면옥 장안점,대구,북구,장안동
ilziapscVrsC,돈치킨,대구,북구,장안동
9v3pVkaZOgvw,장안쭈꾸미,대구,북구,장안동
SAMkbpPGjFGj,에디터스카페,대구,북구,장안동
z3IVN7SmSUO5,onnidang,대구,북구,장안동
bFCYIWU2JlEJ,탐앤탐스,대구,북구,장안동
DEFHU8zlqU8p,가든한공방,대구,북구,장안동
a9B3vUp0qnqp,읍천리382 장안점,대구,북구,장안동
gywwFCTw3zHy,카페더멜로우,대구,북구,장안동
k8Vj2pDroiOU,카페시월,대구,북구,장안동
V9Nkt0ldxYvH,살롱드베리,대구,북구,장안동
gDHmGITEjex6,휴식상점,대구,북구,장안동
a9B3vUp0qnqp,읍천리382 장안점,대구,북구,장안동
gywwFCTw3zHy,카페더멜로우,대구,북구,장안동
k8Vj2pDroiOU,카페시월,대구,북구,장안동
IeUwHMiNdQe4,원셰프의행복식탁 장한평역점,대구,북구,장안동
qgDOjNyvgbOg,올데이 베이커리,대구,북구,장안동
CEDEcUD3VYAz,그린온도,대구,북구,정림동
nmHdxRoHFfDJ,카페본타,대구,북구,정림동
GezbnVw5GuoG,"그때, 우리",대구,북구,정림동
0fzsMCLYkSN4,버기즈 탄방점,대구,북구,탄방동
JAm4soNvilFw,뮤트,대구,북구,탄방동
uqLMZ3UssLvS,파사드하우스,대구,북구,탄방동
k62EjlCM3Oxe,호즈,대구,북구,탄방동
gIuydJHe1V6m,아메리칸치즈버거,대구,북구,탄방동
LAVZ4MBpuBWT,원오브어카인드,대구,북구,탄방동
fnVL2YoJs8Wv,버터컵,대구,북구,탄방동
ZPY18NQIoAp2,affection,대구,북구,탄방동
PW8SoujSQlLx,미드나잇테이블,대구,북구,탄방동
DJ5wztPNOUE1,원잇투메종탄방,대구,북구,탄방동
QW0lAcsUR1mn,우드바이우드,대구,북구,탄방동
8T6vDcwH2GGk,모어딥도넛 탄방,대구,북구,탄방동
xgWClI23msXl,썬하우스,대구,북구,탄방동
7EFQIdKb9FH2,카페 디어 너에게,대구,북구,탄방동
Z8cLBoersThW,컨사이스,대구,북구,탄방동
FEL8su3jj3GW,하우올리,대구,북구,탄방동
3fRigRwR0B0T,리페커피,대구,북구,탄방동
rnAE4b6WjM1s,카페쏠티,대구,북구,탄방동
0GbthdpZRibK,라임트리,대구,북구,탄방동
2Rk56DavwDOK,찐다방 탄방점,대구,북구,탄방동
rnAE4b6WjM1s,카페쏠티,대구,북구,탄방동
JxDM7s1R2yFw,라이커블 탄방점,대구,북구,탄방동
t6iKkz900bW6,재재,대구,북구,탄방동
IzeluPvgWLnf,아메리칸버거클럽,대구,북구,탄방동
HJusQcwjBILl,카페토미,대구,북구,평촌동
LxDYHqpyhnfu,더플롯커피 평촌점,대구,북구,평촌동
vKLvepWDgSVF,평촌맛왕족발,대구,북구,평촌동
huCr0y0R1ia3,빈집,대구,북구,평촌동
eygfN3wBQAnr,카페나비떼,대구,북구,평촌동
ANBgkyDNvAEz,명덕수산,대구,북구,평촌동
nh1QjXseZC8o,고백플레르,대구,북구,평촌동
y20sDNWbgrGs,진인서림,대구,북구,평촌동
1B6neOEX68nx,토크넌센스,대구,북구,흑석동
3lvghZ8ITOg5,하브,대구,북구,흑석동
VqMHjGfRnt9T,바로요거,대구,북구,흑석동
1iLsOZ22cJUh,아츠베이커리,대구,북구,흑석동
wNWfItx1Py8c,대관령,대구,북구,흑석동
DifVeoXZ42Qv,페리토 에스프레소 바,대구,서구,유성온천역
sF3s8yEx0uR3,윅스커피,대구,서구,유성온천역
kqAD0aH3bIl2,리케리케,대구,서구,유성온천역
B0mA1mZwcmjE,카페민트,대구,서구,유성온천역
bLQEts4Yy4x0,필립아일랜드,대구,서구,유성온천역
rW7RKWrkRWDf,빈스포차,대구,서구,유성온천역
3IxK9QLkAHRT,소르르,대구,서구,유성온천역
z6Dyzer1EhNI,계모임,대구,서구,유성온천역
hpVBgHTOaYEM,오늘와인한잔 대전봉명점,대구,서구,유성온천역
7TEDYsaMGX5S,타미띠에 커피 도안점,대구,서구,유성온천역
8v69Prng6MfK,마실커피24,대구,서구,유성온천역
hPCrXTN2pXBt,온천커피,대구,서구,유성온천역
HmuDUZuD3dmB,달금,대구,서구,유성온천역
FqPfo3CBwtEj,마스터즈,대구,서구,유성온천역
SUEz8QiapCvb,쎄시마몽드,대구,서구,유성온천
sF3s8yEx0uR3,윅스커피,대구,서구,유성온천
kqAD0aH3bIl2,리케리케,대구,서구,유성온천
B0mA1mZwcmjE,카페민트,대구,서구,유성온천
1ulNegHw4Rhx,쪼맥 스토리,대구,서구,유성온천
bLQEts4Yy4x0,필립아일랜드,대구,서구,유성온천
rW7RKWrkRWDf,빈스포차,대구,서구,유성온천
oKuVxDvkzouI,1987루프탑라운지포차,대구,서구,유성온천
3IxK9QLkAHRT,소르르,대구,서구,유성온천
z6Dyzer1EhNI,계모임,대구,서구,유성온천
bQ6cdlW12nKs,셈프레,대구,서구,유성온천
hpVBgHTOaYEM,오늘와인한잔 대전봉명점,대구,서구,유성온천
uKS1vM76MEsa,카페랑,대구,서구,유성온천
y3dAxvLd1H1p,콩가,대구,서구,유성온천
7TEDYsaMGX5S,타미띠에 커피 도안점,대구,서구,유성온천
v28o5nGCSm3z,자동차 카페 히피스,대구,서구,유성온천
8v69Prng6MfK,마실커피24,대구,서구,유성온천
hPCrXTN2pXBt,온천커피,대구,서구,유성온천
FqPfo3CBwtEj,마스터즈,대구,서구,유성온천
2RgZqIDslYHi,모누,대구,서구,유성온천
1zU0KWTM2NT4,헤이해이,대구,서구,유성온천
dKMIkoB2xA3s,아이앤알 커피 로스터스,대구,서구,반석역
GgrNoAd3SfWy,카페 아담,대구,서구,반석역
7CshyaFO2pFj,더 빠삭,대구,서구,반석역
6GpXwlHC6LdG,돌담제주돈,대구,서구,반석역
XqbKcfgYsCOA,완도수산,대구,서구,반석역
Glz6dJG8evAu,카페나인원,대구,서구,반석역
27LEDr9w0vWt,카페메이데이 반석점,대구,서구,반석역
0hFWzxYrUnVN,카페포럼,대구,서구,반석역
AHsaUu4Ni3Kw,주니파이 본점,대구,서구,반석역
hlFAJSSph0R8,글로리데이즈,대구,서구,충남대
x8O8zSKG6wgD,해프닝,대구,서구,충남대
SUEz8QiapCvb,쎄시마몽드,대구,서구,충남대
K2cA1rCnVCRC,이츠올라잇,대구,서구,충남대
YK41SIIRrYrh,역전할머니맥주 충남대점,대구,서구,충남대
izSTPARtCC2C,더랜치펍,대구,서구,충남대
f2qcPqQgD4rR,데이트,대구,서구,충남대
rpzV5yc2xbMi,소수,대구,서구,충남대
kqAD0aH3bIl2,리케리케,대구,서구,충남대
ipUAPC6DZk0A,폼프리츠 카이스트점,대구,서구,충남대
B0mA1mZwcmjE,카페민트,대구,서구,충남대
zDkCyDl8ax7F,폴인더풀,대구,서구,충남대
1ulNegHw4Rhx,쪼맥 스토리,대구,서구,충남대
CuyAEZs3mNVq,모티프,대구,서구,충남대
oKuVxDvkzouI,1987루프탑라운지포차,대구,서구,충남대
RQu7jnWLS2j8,카페니치 어은점,대구,서구,충남대
XsdEPQNCO8FB,네네치킨,대구,서구,충남대
z6Dyzer1EhNI,계모임,대구,서구,충남대
bQ6cdlW12nKs,셈프레,대구,서구,충남대
hpVBgHTOaYEM,오늘와인한잔 대전봉명점,대구,서구,충남대
FqPfo3CBwtEj,마스터즈,대구,서구,충남대
bQ6cdlW12nKs,셈프레,대구,서구,충남대
hpVBgHTOaYEM,오늘와인한잔 대전봉명점,대구,서구,충남대
y3dAxvLd1H1p,콩가,대구,서구,충남대
v28o5nGCSm3z,자동차 카페 히피스,대구,서구,충남대
1zU0KWTM2NT4,헤이해이,대구,서구,충남대
61HbPAYuK4DP,루카의하루,대구,서구,수통골
3LA6PKZ66r8t,해이커피 학하점,대구,서구,수통골
4SlfBwkniqCj,무인카페수,대구,서구,수통골
qQlxrRnn2oBe,카페니치 본점,대구,서구,수통골
zwbhDG2Km4sC,소소림,대구,서구,수통골
dKMIkoB2xA3s,아이앤알 커피 로스터스,대구,서구,노은
uJ8iXwOpJxts,백정화,대구,서구,노은
Xlg7SZ2hZXrJ,파프 더 샌드위치,대구,서구,노은
lzqc3YBlxeps,요거투,대구,서구,노은
6GpXwlHC6LdG,돌담제주돈,대구,서구,노은
yXWqff0Z0THp,리틀탭,대구,서구,노은
p9nlLcDK3zAO,민칼국수,대구,서구,노은
b9d6Co0qLQ3Q,개린이날,대구,서구,노은
q6MG9K6Fsob5,고드래미족발 노은직영점,대구,서구,노은
fQOct34XLZIY,알리바바,대구,서구,노은
Xlg7SZ2hZXrJ,파프 더 샌드위치,대구,서구,노은역
yXWqff0Z0THp,리틀탭,대구,서구,노은역
fQOct34XLZIY,알리바바,대구,서구,노은역
75sXzBk68WKn,북성회관 가정루원시티점,대구,서구,가정동
cKhCWgY9bTp6,벤티프레소 가정지구점,대구,서구,가정동
qgbcWWoP6lGD,싱싱샐러드 인천가정점,대구,서구,가정동
hy6VVL0gV4JD,카페728,대구,서구,가정동
p1Lbh2iqMvbC,작당모의,대구,서구,가정동
VvsShHSeFb1L,카페휴개,대구,서구,가정동
LiBK8wBucAHO,문대감 송도누룽지통닭 가정직영점,대구,서구,가정동
8CDJZMgHriaJ,카페 다복,대구,서구,가정동
wc5kT46vsOeM,미나리깡,대구,서구,가정동
O4Vh4SeGaSHT,"커피, 그루터",대구,서구,가정동
0W7mRDCD7QdQ,식감이야기 루원시티점,대구,서구,가정동
XF4eAHn52q6i,꾸에두아,대구,서구,가정동
AZh6bbTnklzo,수피아,대구,서구,갑동
0zsj1h50AHf6,구스바베큐,대구,서구,갑동
IEDZhSt4rKef,돼슐랭 계산점,대구,서구,계산동
VSjKel8dJxEs,브라운 띠어리,대구,서구,계산동
WO7cTlMds0zA,팔레트디저트,대구,서구,계산동
JxUzznb0ox7l,모니모니,대구,서구,계산동
FvEa1Cd7Yux7,루츠프레소 커피로스터스,대구,서구,계산동
shzlhDkHHtMv,매울향,대구,서구,계산동
8els0dM0cfjY,카페 채빈,대구,서구,계산동
H2T7uBbMu4SC,쥬쥬비트리,대구,서구,계산동
97nvXOMkMUD3,달사이마카롱,대구,서구,계산동
0W9waa1ecUof,더로우,대구,서구,계산동
L97bGE4ud04i,가장맛있는족발 계산점,대구,서구,계산동
GZwv9rd7cI6F,룡꼬치닭,대구,서구,계산동
ICyoxjeizrqH,또래오래 인천계산2점,대구,서구,계산동
xU6YD8eGziEQ,밀루앤쓰루,대구,서구,계산동
u2ZO0eHBU9A0,강남닭꼬치,대구,서구,계산동
pytYxe5zSeUZ,카페루시,대구,서구,계산동
dgrHvTh0aN1N,십시일반,대구,서구,계산동
WKYmCjOnfKJH,명가,대구,서구,계산동
OunFRdky05Jv,헤이야미,대구,서구,계산동
bCLfwDH8aQwD,디저트샵 시소,대구,서구,계산동
gnR2ImHq55HX,구움,대구,서구,계산동
njaDyLFBLC1B,라븐,대구,서구,관평동
qST5YNrKtF8t,아코르데,대구,서구,관평동
CI5Jku76ooRa,렌토,대구,서구,관평동
b8IAboJx2ySL,우전농원,대구,서구,관평동
27ADyWMyViC5,텀브커피 대전관평점,대구,서구,관평동
V9uV7dtiuPjF,르호봇,대구,서구,관평동
U4NfD0nWkkA3,꿈,대구,서구,관평동
D3IuNfNOdDv0,우향,대구,서구,구룡동
EIFWlU7aK1P2,더가든,대구,서구,구룡동
scOtyYEryikK,오프오프,대구,서구,구성동
7FSwy2bN1W3v,이백장 돈가스,대구,서구,구성동
4TgENjsaRJzm,피오라토,대구,서구,구암동
uko6WLwX0hoL,엘리베이터카페,대구,서구,구암동
u1PQJLF8O4wj,다사랑장어,대구,서구,구암동
n5SOcW1zSAks,멍뭉몽애견카페,대구,서구,구암동
iDSZZYBPNGEY,봉이네 분식,대구,서구,구암동
KbP8zAr3RpDV,백마차,대구,서구,구암동
majoDXofORaz,어독어북,대구,서구,구암동
TcRuktGLuLoq,꼬모맨션 칠곡점,대구,서구,구암동
uKS1vM76MEsa,카페랑,대구,서구,구암동
41i1IyUljbgA,모코네,대구,서구,구암동
65EZAdwqPtIC,마운트,대구,서구,구암동
gwRmZryxLoQy,오아,대구,서구,구암동
DcIETXJwZflC,카페 오아유,대구,서구,구암동
XdFHuDPHZJSt,넘버더스타즈,대구,서구,궁동
ZqOH0HiabdiB,깡이네막창,대구,서구,궁동
aE119m9xp8Of,크래프터,대구,서구,궁동
tGoM8H6LjbtF,국수,대구,서구,궁동
J8eDTOZwEvIn,워밍업스토어,대구,서구,궁동
5NBqmesNadOn,핑퐁스낵,대구,서구,궁동
nYfcvhT26lFJ,리스너,대구,서구,궁동
0Cte5vS907M4,그린곱창,대구,서구,궁동
w3vWklWOtYqM,텐빌리언,대구,서구,궁동
2Cr8RyXP3bc3,에이엣디,대구,서구,궁동
2CP9gEZg3iJ3,더크,대구,서구,궁동
QNfn6ToZp9XP,딸랑포크두개,대구,서구,궁동
MbTVg0VZKssK,신마녀떡볶이 대명점,대구,서구,궁동
A5SsFBPgmAzW,매머드익스프레스 대구영대병원점,대구,서구,궁동
yTPguffZ2G7T,돼지30,대구,서구,궁동
4KTBtsl49d2D,빅플랫,대구,서구,궁동
mfo5DfKHMeDq,스미스로,대구,서구,궁동
Wx8aFIH1ODSI,황산벌,대구,서구,궁동
5cEg5T2iFpCN,몽펍피,대구,서구,궁동
9O0MVrgB3j6e,대구안지랑곱창막창 안지랑점,대구,서구,궁동
p7llBTO3Zb1w,커피다라,대구,서구,궁동
nVsURqzyUKv0,더스프링앞산,대구,서구,궁동
yOBdpWmpeLA0,개들래미,대구,서구,궁동
NPw8W34z4t0A,오어앤,대구,서구,궁동
io8v7QOkiHXd,마시다,대구,서구,궁동
uV1IXQmf9qrb,안다미로,대구,서구,궁동
WoM7dWUZyjht,hago,대구,서구,궁동
ADc7NFq32BAj,아티세리,대구,서구,궁동
4toKEHbrNPu1,프레드피자 대구남구점,대구,서구,궁동
beQJQRFRBOdK,쭈꾸미본가,대구,서구,궁동
twbI8YCH2eA4,동기부여,대구,서구,궁동
F7W2gvHjw0QZ,자이언트통닭,대구,서구,궁동
ycXscxJST19z,카페보스 대명1호점,대구,서구,궁동
2ThDOV5RNFlm,포카드홀덤펍,대구,서구,궁동
3pRdaOC3Ky87,라지트,대구,서구,궁동
EVOdxW6zvH7x,디저트드숑,대구,서구,궁동
LkdS20TBBes0,홍매떡볶이,대구,서구,궁동
0twRwjhmTjUL,아이러빗,대구,서구,궁동
vXLKJPE3YwMi,읍천리382,대구,서구,궁동
WVCR84Yq71rx,666co,대구,서구,궁동
VDwwwJqJMgRp,이나커피,대구,서구,궁동
creNw3SOsgjm,동아제빵소,대구,서구,궁동
dKMIkoB2xA3s,아이앤알 커피 로스터스,대구,서구,노은동
uJ8iXwOpJxts,백정화,대구,서구,노은동
Xlg7SZ2hZXrJ,파프 더 샌드위치,대구,서구,노은동
lzqc3YBlxeps,요거투,대구,서구,노은동
6GpXwlHC6LdG,돌담제주돈,대구,서구,노은동
yXWqff0Z0THp,리틀탭,대구,서구,노은동
p9nlLcDK3zAO,민칼국수,대구,서구,노은동
b9d6Co0qLQ3Q,개린이날,대구,서구,노은동
q6MG9K6Fsob5,고드래미족발 노은직영점,대구,서구,노은동
fQOct34XLZIY,알리바바,대구,서구,노은동
fJGztKqQ2ah8,흔한남매,대구,서구,대동
edNQP7vVrKLl,대동단결,대구,서구,대동
oga8j3wA3Nhy,미미제과점,대구,서구,대동
TajeJy0mTtHo,카페 그루잠,대구,서구,대동
Pign5izUefsE,카페그림,대구,서구,대동
KXdnl5Ltw5VU,영완이네,대구,서구,대동
sXeFo2gTeSB7,카페 그리닐리,대구,서구,대동
iMp6JC2RRRcc,별빛이 흐르는 카페,대구,서구,대동
EN3VhETtN9TY,스테이셔너리베이커리,대구,서구,대동
YrVMTuRuYoep,에클레시아커피북카페,대구,서구,대동
2VrZ6O5uPf2U,찰스바베큐,대구,서구,대정동
61HbPAYuK4DP,루카의하루,대구,서구,덕명동
qQlxrRnn2oBe,카페니치 본점,대구,서구,덕명동
zwbhDG2Km4sC,소소림,대구,서구,덕명동
05v0yfBS0gb9,막창시대 1973,대구,서구,덕명동
q8017PRdJf4T,50END 피자,대구,서구,덕진동
omF0QVjmFVNH,고씨네 전북대점,대구,서구,덕진동
50jstsNXJ9oA,플레잉빈커피,대구,서구,덕진동
T7H0u2du5x6K,순정닭발,대구,서구,덕진동
ptcSguCCylzh,건어물을굽는남자들,대구,서구,덕진동
H2sXQeqRL2LZ,카페 하루한잔,대구,서구,덕진동
a8AF08Ide1Uj,그녀가 만드는 케이크,대구,서구,덕진동
T0JRptQPDhRS,카페앙골로,대구,서구,덕진동
1xW66No8cRhd,펍 잉크 전북대점,대구,서구,덕진동
zYf9UyTP7d4r,청담에일,대구,서구,도룡동
PO6klFPd9JER,카리코,대구,서구,도룡동
T9OJZKviyuUO,카페 가비원,대구,서구,도룡동
I4YpjSho2HNp,눈소풍,대구,서구,도룡동
fc4VrX56a7DR,홉홉라운지,대구,서구,도룡동
nDUXLysX7eXW,그루그루,대구,서구,반석동
GgrNoAd3SfWy,카페 아담,대구,서구,반석동
7CshyaFO2pFj,더 빠삭,대구,서구,반석동
A3WysIBijo45,가데나 레스토랑,대구,서구,반석동
XqbKcfgYsCOA,완도수산,대구,서구,반석동
Glz6dJG8evAu,카페나인원,대구,서구,반석동
0hFWzxYrUnVN,카페포럼,대구,서구,반석동
27LEDr9w0vWt,카페메이데이 반석점,대구,서구,반석동
AHsaUu4Ni3Kw,주니파이 본점,대구,서구,반석동
HHMJav3EQtfe,오늘제빵소,대구,서구,방동
Qg5bnEhJEEEJ,방동 베이커리 카페 드라마,대구,서구,방동
SUEz8QiapCvb,쎄시마몽드,대구,서구,봉명동
DifVeoXZ42Qv,페리토 에스프레소 바,대구,서구,봉명동
sF3s8yEx0uR3,윅스커피,대구,서구,봉명동
kqAD0aH3bIl2,리케리케,대구,서구,봉명동
6kuKEbqDi0Fx,파즈앤토브,대구,서구,봉명동
oyD92xMyoIeg,로우업커피스탠드,대구,서구,봉명동
Udw4tsEcqKU8,바라던바,대구,서구,봉명동
AVZ60aMjsIa2,유람,대구,서구,봉명동
W9BITwQu8JX7,곰에스프레소,대구,서구,봉명동
B0mA1mZwcmjE,카페민트,대구,서구,봉명동
bLQEts4Yy4x0,필립아일랜드,대구,서구,봉명동
rW7RKWrkRWDf,빈스포차,대구,서구,봉명동
oKuVxDvkzouI,1987루프탑라운지포차,대구,서구,봉명동
yD5j9jWLQ3ns,노상치킨 청주봉명점,대구,서구,봉명동
3IxK9QLkAHRT,소르르,대구,서구,봉명동
8v69Prng6MfK,마실커피24,대구,서구,봉명동
hPCrXTN2pXBt,온천커피,대구,서구,봉명동
sgfPA2L9D6r9,소울케이커리,대구,서구,봉명동
IDvp9na9MKMw,샌드위치킹,대구,서구,봉명동
HmuDUZuD3dmB,달금,대구,서구,봉명동
zW8fN5r6B5uH,채울래,대구,서구,봉명동
ol0KhluUfQrL,푸른달 이레,대구,서구,봉명동
3cUwy1idrsIn,오늘의과일,대구,서구,봉명동
FqPfo3CBwtEj,마스터즈,대구,서구,봉명동
i6hv8IdZVknu,봉명한정식뷔페,대구,서구,봉명동
U25Km2HlBjA1,몬베이글,대구,서구,봉명동
TSZj1soiaKsS,가루,대구,서구,봉명동
hpVBgHTOaYEM,오늘와인한잔 대전봉명점,대구,서구,봉명동
uhZL4Ml1tQuc,카메커피,대구,서구,봉명동
8uzZ2j7qwexz,라베리아,대구,서구,봉명동
A2wscPt1d8bb,윤이불닭발 유성점,대구,서구,봉명동
7TEDYsaMGX5S,타미띠에 커피 도안점,대구,서구,봉명동
SRmf9Ka1Kd8G,보나커피,대구,서구,봉명동
2RgZqIDslYHi,모누,대구,서구,봉명동
yzgpByKIANa2,젤라떼리아 카리타,대구,서구,봉명동
oiZ8OVmAK2WA,1055cafe,대구,서구,봉명동
KHP794JCltIu,명동게장,대구,서구,봉산동
odruQJT9Mfjs,늘푸른식당,대구,서구,봉산동
DgPnEgK7A9eb,노스텔지아 커피,대구,서구,봉산동
gOoLYbDWjKLq,로드커피,대구,서구,봉산동
75kF6HgGIYyA,남진이네자연산갈치명가,대구,서구,봉산동
Zw8G0mvZD5qX,브라운브릭스,대구,서구,봉산동
JSexXLaI7QQ3,깨비게장,대구,서구,봉산동
AZO50VTtadtV,리노운,대구,서구,봉산동
GSdjDTvWFy07,지은심,대구,서구,봉산동
LpGklfpPXaJ3,기와뜰,대구,서구,봉산동
ahfGGjkpFgjl,베버리 (beverly),대구,서구,봉산동
ohX4etuTyo4T,포르투나,대구,서구,봉산동
9guCXSAQJMPg,피플스커피,대구,서구,봉산동
fFjRP06UgseW,커피프레,대구,서구,봉산동
6Jr3DDuHRrzd,카페 루미에르,대구,서구,봉산동
cRbnXkzO6XDK,퍼플데이,대구,서구,봉산동
9vDc3gKMslxb,리틀냅,대구,서구,봉산동
N4bi9Xi96sym,구딸라,대구,서구,봉산동
Z7MKgyK6Hsv5,아이자야,대구,서구,봉산동
nVU4md438Eop,여수돌게빵,대구,서구,봉산동
N8zAIfe237z3,호안느,대구,서구,봉산동
ysXP7aKUrPi4,가마치통닭 봉산점,대구,서구,봉산동
INaNgDCzGCWq,수수케키,대구,서구,봉산동
txeSIs0CVSWP,니나스,대구,서구,봉산동
ihYGxwHv356N,캐나페,대구,서구,봉산동
Yn0M6Cllu0zU,구삼커피,대구,서구,봉산동
9cSZZfs6hc2d,Cafe Le Dugong,대구,서구,봉산동
UiivdCqXlceT,한마음정육식당 송강점,대구,서구,봉산동
7VQGAhu6XSlA,아이쿠,대구,서구,봉산동
j2jQYB5iPQ4U,노모어커피,대구,서구,봉산동
x8CpkQKriQAX,캡틴푸드까페,대구,서구,봉산동
5cIL2dMmO5Ab,윌로우커피,대구,서구,봉산동
v50wCMLLNn0Y,라드커피 상대점,대구,서구,상대동
TekLeUmc6Ylq,샌드스톤,대구,서구,상대동
PnSpAIBMe2tq,꿈꾸는 달,대구,서구,상대동
5qi64zw85Nik,유캔두잇 진주시청점,대구,서구,상대동
L8msOazCLOyY,문화식당 성북동점,대구,서구,성북동
IQKfOObp3DQy,까페 디터틀,대구,서구,성북동
JfbPvKbRCVbc,페인트커피&바,대구,서구,성북동
IaCAseayTEFX,재즈스토리,대구,서구,성북동
GsulFaYHyFU4,겨울과봄사이,대구,서구,성북동
jclWRvr8rz73,네이버후드,대구,서구,성북동
N4WPrj4Ik5tk,카페 256,대구,서구,성북동
HU9cKrC7ukwT,가드페,대구,서구,성북동
mvhlvQeA7HWW,아티온,대구,서구,성북동
KSkNPfLOYqQQ,바른 마카롱,대구,서구,성북동
GMljVgX0an8t,혜화문아래,대구,서구,성북동
Q8XI4Zo8NIP2,카페 앤파크,대구,서구,세동
YYlnw8nk4Aqb,고로식당,대구,서구,송강동
64SE15VH8XHX,가마치통닭 대전송강점,대구,서구,송강동
J8OVpzz62HoZ,daisy136,대구,서구,송강동
amvfzClyFayw,라라브레드,대구,서구,송정동
34L6VyZ0JcQ1,큰기와집,대구,서구,송정동
rwN2qGxOkn4w,하고커피,대구,서구,송정동
wqnLo6gedkvf,갱소년,대구,서구,송정동
BUZzgxraz3qb,트리팜,대구,서구,송정동
ySzm3jK9OmBb,안녕경안동,대구,서구,송정동
rb4cE2po7KUX,카페 이늘,대구,서구,송정동
ROq2LPngLMej,비행기카페,대구,서구,송정동
xqCYcanxhSOP,플레룸,대구,서구,송정동
w9mquWizzhNK,달이지는밤,대구,서구,송정동
mRDY8qjPfbKF,이조송정떡갈비,대구,서구,송정동
jEgs6tlD7qA4,먹방 치킨&떡볶이,대구,서구,송정동
tVEiTtrlzd5N,명산한우식육식당,대구,서구,송정동
kcQR9PF8Hgu0,카페코지 송정점,대구,서구,송정동
a8Eu4deoB8T0,우드스탁 LP카페,대구,서구,송정동
6viqpkdLXMRH,내고향다슬기,대구,서구,송정동
f6SadCLBcSef,카페비버트,대구,서구,송정동
wrFWeBxFH6Ak,에테르노에이,대구,서구,송정동
2E0T7vhAbwzA,개미슈퍼,대구,서구,송정동
geOMRDJuQBxU,비트박스 울산송정반도유보라점,대구,서구,송정동
1fq4yX3lzbGn,동기간애,대구,서구,송정동
FhPhs1EkpCSM,카페유즈,대구,서구,송정동
rNTdh7W3CJTF,카페 137에스티,대구,서구,송정동
mhzpfZmxG8B1,32페이지,대구,서구,송정동
yUfDXEEfTA1H,커피베이 이천송정점,대구,서구,송정동
ZqucZH9tIdCi,베이원,대구,서구,송정동
TdbWnDhbMg1p,롤링핀 이천점,대구,서구,송정동
CoU1R6nPDutq,모로리,대구,서구,송정동
i1zzA14ScSkT,올리,대구,서구,송정동
0Pc9SRgDfkjk,김성민커피 본관,대구,서구,신동
YiWDCKPPXN1t,줄라이 퍼스트 카페 앤 비스트로,대구,서구,신동
ibvlE9qfuz3w,디저트랩,대구,서구,신동
SgCGMzUCiTCh,아빠가만든전복장 아장아장,대구,서구,신동
AYZLzU5aNRLB,키코프커피스튜디오,대구,서구,신동
Yq1kO3wPUYkr,아울림,대구,서구,신동
6TX2A2Ab4psT,노매드 커피로스터스,대구,서구,신동
p47WCSH7TNaa,엘린 디저트카페,대구,서구,신동
07r52g31D2iB,티유티,대구,서구,신동
SOEwRSBThCYV,굿샐러드,대구,서구,신동
XejJJYyYrkCF,메킷카운트커피,대구,서구,신동
bl1nHxezSkwi,호노호노,대구,서구,신동
b9O8cxbOH17p,김성민커피 별관,대구,서구,신동
EYlFuATxF7x8,카페 리핑,대구,서구,신동
KXrkh4f2cHtR,37,대구,서구,신동
ZDzK6YJ3zdWM,다야,대구,서구,신동
JcZ0Hya3ULAI,개집비어,대구,서구,신동
U1YHchsyonlu,유메이크미,대구,서구,신동
KCfzJqAQKGy6,푸릇요거트,대구,서구,신동
4f25iPu8DQ8B,홍삼가게 진1937,대구,서구,신동
Qtm0aCPZ1Wm4,댕들 신동카페거리점,대구,서구,신동
RWbNjk5uDvkb,노멀데이즈,대구,서구,신동
OcRkk97RyFKs,오사랑케이크,대구,서구,신동
g6BjR6aGDc9W,오브모먼트,대구,서구,신동
YJEgpeKdDTTV,카페 이리당,대구,서구,신동
JHcijf4tIEZF,tutu cake,대구,서구,신동
8OuCV6RXAGMI,카페 랄로,대구,서구,신봉동
YPF3124NwDdQ,카페 솔루션,대구,서구,신봉동
1rwD71AyAWci,송정갈비,대구,서구,신봉동
26YetMNBtU0U,Rad,대구,서구,신봉동
DrFwZbNCk1vp,라니스 화덕피자,대구,서구,신봉동
DTFruKb47OWv,커피가가장맛있는57,대구,서구,신봉동
l31J9HZkaVZC,내이름은장어 신봉점,대구,서구,신봉동
7QURRflJ3tPU,오아시스,대구,서구,신봉동
LShiOQFol1Qj,마모리,대구,서구,신봉동
cWaJAatGLU1d,남원 큰집 추어탕,대구,서구,신봉동
gpyrWBf3IwIh,예반스 수지신봉점,대구,서구,신봉동
WPLwT6xT29B7,카페242,대구,서구,신봉동
MHVwLxhwpeu8,밀라드커피로스터즈,대구,서구,신성동
1Vim3nuJiUbU,카페소심,대구,서구,신성동
88NBlpNHytMc,넛지,대구,서구,신성동
jBd3vYNdorIS,카페 Eu di,대구,서구,신성동
6fenJQKdxoyG,해피넛,대구,서구,신성동
R04PjVyk80ir,진토스트,대구,서구,안산동
rUiONGidsFuE,"카페,코람데오",대구,서구,안산동
eHy5NgicRUSz,샘나당,대구,서구,안산동
yBXTYxAYYV8M,오늘을그리다,대구,서구,안산동
RSzJqFXPIi2p,애플망고,대구,서구,안산동
rpzV5yc2xbMi,소수,대구,서구,어은동
ipUAPC6DZk0A,폼프리츠 카이스트점,대구,서구,어은동
zDkCyDl8ax7F,폴인더풀,대구,서구,어은동
CuyAEZs3mNVq,모티프,대구,서구,어은동
RQu7jnWLS2j8,카페니치 어은점,대구,서구,어은동
XsdEPQNCO8FB,네네치킨,대구,서구,어은동
ZfEjqwOLjYxW,한옥카페 예이제448,대구,서구,외삼동
S1JUclsH1bEQ,시골밥상,대구,서구,용계동
asxNU9RIWEYs,구움도,대구,서구,용산동
sj4QUCB4loYq,베베르 수제청,대구,서구,용산동
N3hKJyqdfP0W,와싱톤 커피 로스터리,대구,서구,원내동
GpEf1RSRWm4x,봄베이크,대구,서구,원내동
vCtbReEh0wTP,그레이스538,대구,서구,원신흥동
ZlebbeFI3jmi,그라운드,대구,서구,원신흥동
NaoeFhh9RW1E,일인칭,대구,서구,원신흥동
5N3Qh4OTh5jD,마일드 브루어스,대구,서구,원신흥동
MR22s6hqA5kL,제이드엘,대구,서구,원신흥동
J6eeufDHCA9P,앨리웨이 커피로스터스,대구,서구,원신흥동
SdYWjTEBnthx,하얀책상,대구,서구,원신흥동
Ul73zdc01zBf,챈들러,대구,서구,원신흥동
nMY9zExYEkoW,하이어그라운드,대구,서구,원신흥동
7h1mkPkvkWf1,라빈 고양이카페,대구,서구,원신흥동
vLzCWOsbliGe,이케이지커피바,대구,서구,원신흥동
A4Xcf9Wo5UUJ,비당,대구,서구,원신흥동
x8O8zSKG6wgD,해프닝,대구,서구,장대동
1ulNegHw4Rhx,쪼맥 스토리,대구,서구,장대동
z6Dyzer1EhNI,계모임,대구,서구,장대동
eVYVrgzf9DRG,쥬니프루트,대구,서구,장대동
NQS2HTmGg7gR,공명,대구,서구,장대동
aYpQfrsHWTf7,LACO COFFEE,대구,서구,장대동
bQ6cdlW12nKs,셈프레,대구,서구,장대동
GWL8W7cs0Dri,옛날짜장,대구,서구,장대동
jpIU6oNGuXr2,먼데이 오프 플리즈,대구,서구,장동
sVwEMYJk9kyM,시바카레,대구,서구,장동
rHSCCUv3g95K,소복,대구,서구,장동
Xi9d5JpidUbk,시리즈 인트로,대구,서구,장동
gPktXiJvnhJH,루야,대구,서구,장동
fdb1OJRVtJJM,홍스쭈꾸미,대구,서구,장동
y0PCVuu8eDmh,희피희피 평상집,대구,서구,장동
293k5cXkpDYW,스케치,대구,서구,장동
A4htZeSSSatI,로맨스타W,대구,서구,장동
4VmlVSkmVAsh,로맨틱뮤지엄,대구,서구,장동
T810UNTqnUre,우드라잌,대구,서구,장동
0xXWdfvjoDlr,루나커피,대구,서구,장동
u5WFPijk0S6Y,명당,대구,서구,장동
fXr0dA7fffBh,작업실,대구,서구,장동
SyPWjpXnnrxk,케이꾸,대구,서구,장동
QKwhK5Ci30y1,하이스트리트,대구,서구,장동
9wHXqFfOP8QQ,카페텅 광주동명점,대구,서구,장동
azpFm5Pz3jKI,와나카,대구,서구,장동
vECeV5sGKe9z,동명동42,대구,서구,장동
VS1C7L8K1buj,까페히어로,대구,서구,장동
1OKahFzSg42K,Joie,대구,서구,전민동
VqYwXH8wDFFS,오브디저트,대구,서구,전민동
bssRIqK7B2rL,햄오버,대구,서구,전민동
7oB2TbaCeplx,아뮤즈부쉬,대구,서구,죽동
8qSugMwpgw8X,카페 명지,대구,서구,죽동
URE6sIFyhJsh,브릭레인,대구,서구,죽동
rI70RpiDH8gq,어른들의 사춘기 이자카야,대구,서구,죽동
UMBP6xmaetE3,미카엘라,대구,서구,죽동
M5KRO6qp6zC8,카페 713,대구,서구,죽동
iiGiGbsoVohr,이소당,대구,서구,죽동
XTFRcVoRCteO,오커피,대구,서구,죽동
dKMIkoB2xA3s,아이앤알 커피 로스터스,대구,서구,지족동
Xlg7SZ2hZXrJ,파프 더 샌드위치,대구,서구,지족동
lzqc3YBlxeps,요거투,대구,서구,지족동
6GpXwlHC6LdG,돌담제주돈,대구,서구,지족동
yXWqff0Z0THp,리틀탭,대구,서구,지족동
b9d6Co0qLQ3Q,개린이날,대구,서구,지족동
fQOct34XLZIY,알리바바,대구,서구,지족동
NlmcY9EtnFjF,탑립커피,대구,서구,탑립동
ARXM6F0Isku3,한마음정육식당 탑립점,대구,서구,탑립동
0GShDnYdYhDb,두레연구품당,대구,서구,탑립동
gp2LuACbjLui,베니스타,대구,서구,학하동
WloFBWEGsdqK,감모루,대구,서구,화암동
6UdqUD6GZxoR,산장가는길,대구,서구,화암동
KpgJyPZmGgbS,카페코지 서대전점,대구,수성구,서대전역
9a0xEvRYxb40,진강정 대전점,대구,수성구,서대전역
nQn2SfKY0CJ9,유천동 메리골드,대구,수성구,서대전역
55n4Y6tpu2cS,이대감손만두,대구,수성구,서대전역
aoYr9rU1fhGK,다다제과점,대구,수성구,서대전역
Imku7tGpSBUp,스퀘어,대구,수성구,서대전역
EPSNizDFIj4F,카페미니,대구,수성구,서대전역
tY2KD93QsCFb,간성동해반점 태평점,대구,수성구,서대전역
rkyl11qhWxPZ,못난이꽈배기 태평점,대구,수성구,서대전역
pgbKNxS3N1Po,레디언트,대구,수성구,서대전역
fIFnn9UOVBZy,고냉고떡 대전점,대구,수성구,서대전역
C2PSTwbugSVQ,넛팅,대구,수성구,서대전역
aoYr9rU1fhGK,다다제과점,대구,수성구,세이백화점
IBsXwaJW6ttU,스테이블,대구,수성구,중앙로역
9NCSNkMTgUdT,어도비하우스,대구,수성구,중앙로역
q9stjwYD8C5t,홀리데이세븐펍,대구,수성구,중앙로역
DEtE7JmpIaTT,작전기지,대구,수성구,중앙로역
a5mCxypI22l7,페이크,대구,수성구,중앙로역
vhGglwM513Kz,처치앤댄스홀,대구,수성구,중앙로역
A6g1idvFJfKt,토스트,대구,수성구,중앙로역
znXSrNOcT330,코니스 BBQ Grill,대구,수성구,중앙로역
X08Szjy1Chby,팔사,대구,수성구,중앙로역
eziZB01v0J9B,윈터커피로스터스,대구,수성구,중앙로역
U9cwd9uv5rly,희나리,대구,수성구,중앙로역
ceGVsthWdC0I,더캠핑,대구,수성구,중앙로역
Sam28TB956MF,폴리스백,대구,수성구,중앙로역
DXtQNiPBr36v,클래식샵,대구,수성구,중앙로역
Q2pC1VMQcbqS,소울드아웃,대구,수성구,중앙로역
YHuXS9ezXntJ,카페모먼트,대구,수성구,중앙로역
yCxZ0qwWvK4q,앤도어,대구,수성구,중앙로역
RFTFsj6X3C1x,foil,대구,수성구,중앙로역
iwKzWlPAWURV,오동빌 304호,대구,수성구,중앙로역
CJfMKWnyOo5A,원조황소삼춘네,대구,수성구,중앙로역
zbbQuMQOGPxa,콜드버터베이크샵,대구,수성구,중앙로역
isaJe282gW9f,오리지널포인트,대구,수성구,중앙로역
KdDTy8xgwozU,점선면,대구,수성구,보문산
GLyTUf1hRLkr,문화농원,대구,수성구,보문산
tkvGjhEpz1sb,윈도우로맨스,대구,수성구,보문산
eznffCYZGXDM,문화묵집,대구,수성구,보문산
ZI5XAIm20oaX,그린루프스,대구,수성구,보문산
48gkTVrRBDBf,계동치킨 부사점,대구,수성구,보문산
izJPPgxaOW8J,구움과자당,대구,수성구,보문산
SqYqfX0eFwl1,노 플랜 커피,대구,수성구,보문산
xNHpWKxXthcr,엄니곰탕,대구,수성구,보문산
45FTFYzDgSnu,풋토,대구,수성구,대전목동
uvNL4ETbUVmW,몽그라운드,대구,수성구,대전목동
T7vpynppTGA8,흥청망청,대구,수성구,대전목동
IBsXwaJW6ttU,스테이블,대구,수성구,중구청
ZwBFT6K3ObHQ,올던,대구,수성구,중구청
DEtE7JmpIaTT,작전기지,대구,수성구,중구청
a5mCxypI22l7,페이크,대구,수성구,중구청
nxB2dMYpzI8U,토피,대구,수성구,중구청
nDOI41PnSW5F,어플레져,대구,수성구,중구청
eziZB01v0J9B,윈터커피로스터스,대구,수성구,중구청
U9cwd9uv5rly,희나리,대구,수성구,중구청
WXxyhrEvnmlu,달빛한옥,대구,수성구,중구청
qkaeWUElGYd2,흙과마루,대구,수성구,중구청
Sam28TB956MF,폴리스백,대구,수성구,중구청
pCTGto9uUtBy,커피잉글랜드,대구,수성구,중구청
Q2pC1VMQcbqS,소울드아웃,대구,수성구,중구청
miMwqusJXcXQ,사심담아,대구,수성구,중구청
RFTFsj6X3C1x,foil,대구,수성구,중구청
iwKzWlPAWURV,오동빌 304호,대구,수성구,중구청
JVdjGaVQsVe6,카페리안,대구,수성구,중구청
ElDBHmdUBiZd,CAFE Easteregg,대구,수성구,중구청
zbbQuMQOGPxa,콜드버터베이크샵,대구,수성구,중구청
isaJe282gW9f,오리지널포인트,대구,수성구,중구청
JVdjGaVQsVe6,카페리안,대구,수성구,서대전네거리역
V1Rwza5pRMQk,카페목하,대구,수성구,서대전네거리역
GLyTUf1hRLkr,문화농원,대구,수성구,오월드
eznffCYZGXDM,문화묵집,대구,수성구,오월드
qLWO1voZ68kb,롱다리치킨,대구,수성구,오월드
raoDZ5Y5e3pn,안영동커피점,대구,수성구,오월드
TbVNTM1VXpxu,벨로드카페,대구,수성구,오월드
E21X6Tw0UYfq,페리카나 문화점,대구,수성구,오월드
PhGxBh7hAdkr,스니프커피바,대구,수성구,오월드
IK598dbYkSH8,탱크조개&짬뽕,대구,수성구,금동
JQVRr7qmQF3z,피쉬마우스,대구,수성구,금동
JVdjGaVQsVe6,카페리안,대구,수성구,대사동
ioDTAws3KZVU,진국 면가,대구,수성구,대사동
SqYqfX0eFwl1,노 플랜 커피,대구,수성구,대사동
xNHpWKxXthcr,엄니곰탕,대구,수성구,대사동
5pUJ7sXZxPGI,파크사이드,대구,수성구,대흥동
IBsXwaJW6ttU,스테이블,대구,수성구,대흥동
dHXkUg6KxKIn,두올두낫,대구,수성구,대흥동
9NCSNkMTgUdT,어도비하우스,대구,수성구,대흥동
rQrGvVxWzYNJ,누아네,대구,수성구,대흥동
mi9yIsxvgdaQ,콜로라도 프로젝트,대구,수성구,대흥동
F1BtQ6c4tQ5N,카페 대흥,대구,수성구,대흥동
DEtE7JmpIaTT,작전기지,대구,수성구,대흥동
a5mCxypI22l7,페이크,대구,수성구,대흥동
vhGglwM513Kz,처치앤댄스홀,대구,수성구,대흥동
8kMPTF4dUUZb,퍼머넌트 해비탯,대구,수성구,대흥동
eziZB01v0J9B,윈터커피로스터스,대구,수성구,대흥동
U9cwd9uv5rly,희나리,대구,수성구,대흥동
ceGVsthWdC0I,더캠핑,대구,수성구,대흥동
Sam28TB956MF,폴리스백,대구,수성구,대흥동
gcBGJI5aWxdZ,앤티도트,대구,수성구,대흥동
FSIc5WuaqG7w,명랑핫도그 대흥역점,대구,수성구,대흥동
Jq6IJc1akbTi,스위그 뱅,대구,수성구,대흥동
v6kFlDypVfiz,아띠샌드,대구,수성구,대흥동
Q2pC1VMQcbqS,소울드아웃,대구,수성구,대흥동
OnJr5A59TcLO,어거스트센트,대구,수성구,대흥동
YHuXS9ezXntJ,카페모먼트,대구,수성구,대흥동
s1bEmsNbmkgg,동막역,대구,수성구,대흥동
x6EjvH5M8XQ3,핑크몽키,대구,수성구,대흥동
hJXkPnI53TTT,cafe YaY,대구,수성구,대흥동
iwKzWlPAWURV,오동빌 304호,대구,수성구,대흥동
YfScbV1sHWUV,트래머,대구,수성구,대흥동
7ECrG0gQU0sp,Off,대구,수성구,대흥동
559acYazQQHn,아몰랑카페,대구,수성구,대흥동
ElDBHmdUBiZd,CAFE Easteregg,대구,수성구,대흥동
CJfMKWnyOo5A,원조황소삼춘네,대구,수성구,대흥동
Jdu5yCODZP9m,뿌루밀리,대구,수성구,대흥동
QFhpQ4QgyGOw,술수,대구,수성구,대흥동
zbbQuMQOGPxa,콜드버터베이크샵,대구,수성구,대흥동
2f0bVHRivkPY,스테디커피 알파시티점,대구,수성구,대흥동
SRUiBPdIfkNi,스테프핫도그 천안역사점,대구,수성구,대흥동
zoQznMnGmOBI,퓸즈,대구,수성구,대흥동
dCgfyzwq5Ta7,스프링클베이글,대구,수성구,목동
CNn4BXRRHIch,펍피맥 오목교본점,대구,수성구,목동
Rt2iAnviGkG9,카페히든,대구,수성구,목동
OL7Ho4a2T5aB,스페이스530,대구,수성구,목동
6uI1E6DV6JRy,핵밥 목동점,대구,수성구,목동
BuNwJIMdJHWt,부부부엌,대구,수성구,목동
v6JRyoLQzdpr,정광균의 순수한 빵생활,대구,수성구,목동
LvKyoEjTWqfI,리모트,대구,수성구,목동
ibSl8cKMs90H,79파운야드 목동41타워점,대구,수성구,목동
7X87vzAi3CPP,Bistro 406,대구,수성구,목동
WGqbzPabSO6d,고섭포차,대구,수성구,목동
dMWrqpsFFtBO,블루뮤지엄,대구,수성구,목동
4fIXfGdMZzKr,레몬버베나,대구,수성구,목동
Ya1RjgiPutrO,블랙리퍼블릭,대구,수성구,목동
l7D2A4BRyGGX,소문난순대집,대구,수성구,목동
IAtZ4CTSHqCd,미노,대구,수성구,목동
S8GvkqariwLy,우씨수산,대구,수성구,목동
Xk3q92WS27wy,더컵스,대구,수성구,목동
aIRtBBWeC4oL,바른민족 목동본점,대구,수성구,목동
VtflZHETWlOl,카페 아리네,대구,수성구,목동
qo8nwIKMBJrK,커피하오,대구,수성구,목동
3mjYyXjYIvjq,경리단길 미트파이 목동점,대구,수성구,목동
0YRiBgJMlT8Z,훗,대구,수성구,목동
UlxRstyvmsGA,치킹 목동본점,대구,수성구,목동
YiQ7lpZqlWgk,윤이불닭발 목동점,대구,수성구,목동
TrWHtopYmKXP,레코드피자 염창점,대구,수성구,목동
up43ZUYBFrL0,라우니케이크,대구,수성구,목동
ZfXJ3Kg9QSyy,먼치오케이샐러드클럽 목동점,대구,수성구,목동
CmaQzePZHqhT,하우어바웃 카페&타코야끼,대구,수성구,목동
Oqa6JWuGVs4j,은하수여행카페,대구,수성구,목동
G8NHMCqdlUuA,에그셀런트 목동점,대구,수성구,목동
vvzIAYuzsmGH,맑음,대구,수성구,목동
73zWQmKWOf6u,쏘니니케이크,대구,수성구,목동
SfRkWmNZDLmb,은선각,대구,수성구,문창동
89wTlWOCxo46,마당,대구,수성구,문화동
hj5KpmGJKT48,원조중앙탑막국수 문화동점,대구,수성구,문화동
GLyTUf1hRLkr,문화농원,대구,수성구,문화동
tkvGjhEpz1sb,윈도우로맨스,대구,수성구,문화동
eznffCYZGXDM,문화묵집,대구,수성구,문화동
65VZenGa8jmc,자연농원 천안역점,대구,수성구,문화동
ZI5XAIm20oaX,그린루프스,대구,수성구,문화동
M0yQvy237QD2,이든,대구,수성구,문화동
l7jUQvWtpFj0,카페히얼,대구,수성구,문화동
E21X6Tw0UYfq,페리카나 문화점,대구,수성구,문화동
dnTX23pff6Qm,감성스토리카페,대구,수성구,문화동
J8LYbGf0fZ34,마노아,대구,수성구,문화동
6qFWn8jcGhaM,연못155,대구,수성구,문화동
ym4mtkYs9DKx,못난이꽈배기,대구,수성구,문화동
OF65x7BWeU58,킹스키친,대구,수성구,문화동
izJPPgxaOW8J,구움과자당,대구,수성구,문화동
1F5f7yvEF7IV,심페러,대구,수성구,문화동
KdDTy8xgwozU,점선면,대구,수성구,부사동
48gkTVrRBDBf,계동치킨 부사점,대구,수성구,부사동
bgZXQhNdiIyv,오황남,대구,수성구,사정동
ZfG2sZ31uxWa,황소곱창 황리단길본점,대구,수성구,사정동
Bqia5MqJwlYJ,미실,대구,수성구,사정동
EEzOgSM5Zkbe,아델라베이크,대구,수성구,사정동
7UiHTwBDiYOd,모찌의하루,대구,수성구,사정동
mKeeCgZnJ8I6,오브스토리지 경주,대구,수성구,사정동
afwlzD2ylkWM,큐브감자집,대구,수성구,사정동
PAkSrFNzYqPW,테를지,대구,수성구,사정동
bBDnHufG1fiE,올웨이즈어거스트,대구,수성구,사정동
EWivpKv1bVqO,저스트텐동 경주황리단길점,대구,수성구,사정동
n8t4h94h6Kij,컨트리차일드,대구,수성구,사정동
xVJ1wgzZBGNu,풍경,대구,수성구,사정동
zifo4kcvbMZ4,덕&닥,대구,수성구,사정동
OgAcRQVqKzds,골든글로리,대구,수성구,사정동
1nNCPIl4huWS,오빠네커피창고,대구,수성구,석교동
ZwBFT6K3ObHQ,올던,대구,수성구,선화동
nxB2dMYpzI8U,토피,대구,수성구,선화동
nDOI41PnSW5F,어플레져,대구,수성구,선화동
WXxyhrEvnmlu,달빛한옥,대구,수성구,선화동
qkaeWUElGYd2,흙과마루,대구,수성구,선화동
DXtQNiPBr36v,클래식샵,대구,수성구,선화동
pCTGto9uUtBy,커피잉글랜드,대구,수성구,선화동
miMwqusJXcXQ,사심담아,대구,수성구,선화동
RFTFsj6X3C1x,foil,대구,수성구,선화동
Hsw9XwP2LhOy,"Onebite, Twospoons",대구,수성구,선화동
raoDZ5Y5e3pn,안영동커피점,대구,수성구,안영동
TbVNTM1VXpxu,벨로드카페,대구,수성구,안영동
y5PQolBcLl5J,12NOI,대구,수성구,오류동
Atct9ZWXtoom,카페숲,대구,수성구,오류동
vPFdkvxXKF3W,오류골뱅이,대구,수성구,오류동
sTcQVNeSMdbh,CAFE SOO,대구,수성구,오류동
pgvcuPx325tY,마프라오,대구,수성구,오류동
Cc6lRulJiWdR,윤커피,대구,수성구,오류동
IaReOYrzHWn5,씬(scene),대구,수성구,오류동
JvUzs9M5yR0r,세븐피트,대구,수성구,오류동
yZXVzsg680aH,좋은날,대구,수성구,오류동
Ne03zPUbbuKN,윤밀,대구,수성구,오류동
uUirKqDq4OLk,92버터샵,대구,수성구,옥계동
Dim40F0hj9Zq,고놈에불향쭈꾸미 옥계점,대구,수성구,옥계동
3QpwyJTyeQRo,시즈널,대구,수성구,옥계동
LYpFQIpnAbhw,매트팩토리,대구,수성구,용두동
8TfajLd29wVY,카페림,대구,수성구,용두동
BZdxWBTupEqM,방앗간,대구,수성구,용두동
7Vvies2nfPVT,팍스,대구,수성구,유천동
o2GKEV5GvCyT,야외돼지 본점,대구,수성구,유천동
ALqATTOGxuTM,나인먼스,대구,수성구,유천동
whpHfjpL4CWm,땡스투케이크,대구,수성구,유천동
EPSNizDFIj4F,카페미니,대구,수성구,유천동
nQn2SfKY0CJ9,유천동 메리골드,대구,수성구,유천동
gvtaru14nm10,유치빵짝,대구,수성구,유천동
W52Gkp19MrHg,크로플러버,대구,수성구,유천동
q9stjwYD8C5t,홀리데이세븐펍,대구,수성구,은행동
A6g1idvFJfKt,토스트,대구,수성구,은행동
znXSrNOcT330,코니스 BBQ Grill,대구,수성구,은행동
X08Szjy1Chby,팔사,대구,수성구,은행동
yCxZ0qwWvK4q,앤도어,대구,수성구,은행동
isaJe282gW9f,오리지널포인트,대구,수성구,은행동
YsZBxVqEGzCB,보글리,대구,수성구,중촌동
Up2LC4XtDCAm,르브리즈,대구,수성구,중촌동
6HVG73YuQHaY,니꾸키,대구,수성구,침산동
h62gUsxGeIRQ,피제리아라레지나,대구,수성구,침산동
4GRZXqLtLlJL,티앤오,대구,수성구,침산동
6oYjEL9EoGHp,기똥차게,대구,수성구,침산동
wnXniQalDZaz,카페사계절,대구,수성구,침산동
qsoStvovCiK7,노랑케이크,대구,수성구,침산동
1IUw1fdpvOGo,청년찌개 침산점,대구,수성구,침산동
L8UDkJ0fHtLq,폴인그릭,대구,수성구,침산동
7Vvies2nfPVT,팍스,대구,수성구,태평동
prKxzk5No8YO,투썸플레이스,대구,수성구,태평동
55n4Y6tpu2cS,이대감손만두,대구,수성구,태평동
tY2KD93QsCFb,간성동해반점 태평점,대구,수성구,태평동
rkyl11qhWxPZ,못난이꽈배기 태평점,대구,수성구,태평동
pgbKNxS3N1Po,레디언트,대구,수성구,태평동
w5ycLhB6TiYH,오늘호동 카페,대구,수성구,호동
13oHUCK4p47u,카페빌리,대구,수성구,호동
